--------------------------------------------------------
--  파일이 생성됨 - 금요일-2월-02-2024   
--------------------------------------------------------
--------------------------------------------------------
--  DDL for Table KYJ_MENU
--------------------------------------------------------

  CREATE TABLE "ADMIN"."KYJ_MENU" 
   (	"SCM_SHOPNAME" VARCHAR2(100 BYTE), 
	"SCM_TYPE" VARCHAR2(100 BYTE), 
	"SCM_MENU" VARCHAR2(100 BYTE), 
	"SCM_PRICE" VARCHAR2(100 BYTE)
   ) SEGMENT CREATION IMMEDIATE 
  PCTFREE 10 PCTUSED 40 INITRANS 1 MAXTRANS 255 
 NOCOMPRESS LOGGING
  STORAGE(INITIAL 65536 NEXT 1048576 MINEXTENTS 1 MAXEXTENTS 2147483645
  PCTINCREASE 0 FREELISTS 1 FREELIST GROUPS 1
  BUFFER_POOL DEFAULT FLASH_CACHE DEFAULT CELL_FLASH_CACHE DEFAULT)
  TABLESPACE "USERS" ;
--------------------------------------------------------
--  DDL for Table KYJ_ORDER
--------------------------------------------------------

  CREATE TABLE "ADMIN"."KYJ_ORDER" 
   (	"USER_ID" VARCHAR2(100 BYTE), 
	"SCM_TYPE" VARCHAR2(100 BYTE), 
	"CODE" NUMBER(10,0), 
	"SCM_SHOPNAME" VARCHAR2(100 BYTE), 
	"ORDER_DATE" VARCHAR2(100 BYTE), 
	"TOTAL_PRICE" VARCHAR2(20 BYTE), 
	"ORDER_DELIVERY" VARCHAR2(20 BYTE), 
	"SCM_MENU" VARCHAR2(200 BYTE)
   ) SEGMENT CREATION IMMEDIATE 
  PCTFREE 10 PCTUSED 40 INITRANS 1 MAXTRANS 255 
 NOCOMPRESS LOGGING
  STORAGE(INITIAL 65536 NEXT 1048576 MINEXTENTS 1 MAXEXTENTS 2147483645
  PCTINCREASE 0 FREELISTS 1 FREELIST GROUPS 1
  BUFFER_POOL DEFAULT FLASH_CACHE DEFAULT CELL_FLASH_CACHE DEFAULT)
  TABLESPACE "USERS" ;
--------------------------------------------------------
--  DDL for Table KYJ_SCM
--------------------------------------------------------

  CREATE TABLE "ADMIN"."KYJ_SCM" 
   (	"USER_ID" VARCHAR2(100 BYTE), 
	"SCM_SHOPNAME" VARCHAR2(100 BYTE), 
	"SCM_NUMBER" VARCHAR2(100 BYTE), 
	"USER_NAME" VARCHAR2(100 BYTE), 
	"USER_ADDRESS" VARCHAR2(200 BYTE), 
	"SCM_TYPE" VARCHAR2(100 BYTE), 
	"CODE" VARCHAR2(20 BYTE)
   ) SEGMENT CREATION IMMEDIATE 
  PCTFREE 10 PCTUSED 40 INITRANS 1 MAXTRANS 255 
 NOCOMPRESS LOGGING
  STORAGE(INITIAL 65536 NEXT 1048576 MINEXTENTS 1 MAXEXTENTS 2147483645
  PCTINCREASE 0 FREELISTS 1 FREELIST GROUPS 1
  BUFFER_POOL DEFAULT FLASH_CACHE DEFAULT CELL_FLASH_CACHE DEFAULT)
  TABLESPACE "USERS" ;
--------------------------------------------------------
--  DDL for Table KYJ_USER
--------------------------------------------------------

  CREATE TABLE "ADMIN"."KYJ_USER" 
   (	"USER_ID" VARCHAR2(100 BYTE), 
	"USER_PW" VARCHAR2(100 BYTE), 
	"USER_NAME" VARCHAR2(100 BYTE), 
	"USER_NIKNAME" VARCHAR2(100 BYTE), 
	"USER_PHONE" VARCHAR2(100 BYTE), 
	"USER_EMAIL" VARCHAR2(100 BYTE), 
	"USER_GENDER" VARCHAR2(100 BYTE), 
	"USER_ADDRESS" VARCHAR2(200 BYTE), 
	"CODE" VARCHAR2(20 BYTE), 
	"CSM_TYPE" VARCHAR2(100 BYTE), 
	"SCM_TYPE" VARCHAR2(100 BYTE), 
	"CNT" NUMBER DEFAULT 0, 
	"USER_DATE" VARCHAR2(100 BYTE)
   ) SEGMENT CREATION IMMEDIATE 
  PCTFREE 10 PCTUSED 40 INITRANS 1 MAXTRANS 255 
 NOCOMPRESS LOGGING
  STORAGE(INITIAL 65536 NEXT 1048576 MINEXTENTS 1 MAXEXTENTS 2147483645
  PCTINCREASE 0 FREELISTS 1 FREELIST GROUPS 1
  BUFFER_POOL DEFAULT FLASH_CACHE DEFAULT CELL_FLASH_CACHE DEFAULT)
  TABLESPACE "USERS" ;

   COMMENT ON COLUMN "ADMIN"."KYJ_USER"."USER_ID" IS '아이디';
   COMMENT ON COLUMN "ADMIN"."KYJ_USER"."USER_PW" IS '비밀번호';
REM INSERTING into ADMIN.KYJ_MENU
SET DEFINE OFF;
Insert into ADMIN.KYJ_MENU (SCM_SHOPNAME,SCM_TYPE,SCM_MENU,SCM_PRICE) values ('별이빛나는파스타','일식','새우크림파스타','15000');
Insert into ADMIN.KYJ_MENU (SCM_SHOPNAME,SCM_TYPE,SCM_MENU,SCM_PRICE) values ('별이빛나는파스타','일식','마르게리타피자','13000');
Insert into ADMIN.KYJ_MENU (SCM_SHOPNAME,SCM_TYPE,SCM_MENU,SCM_PRICE) values ('마음이따뜻한카페','카페','따뜻한아메리카노','4000');
Insert into ADMIN.KYJ_MENU (SCM_SHOPNAME,SCM_TYPE,SCM_MENU,SCM_PRICE) values ('마음이따뜻한카페','카페','베이글세트','3500');
Insert into ADMIN.KYJ_MENU (SCM_SHOPNAME,SCM_TYPE,SCM_MENU,SCM_PRICE) values ('마음이따뜻한카페','카페','초콜릿케이크','7000');
Insert into ADMIN.KYJ_MENU (SCM_SHOPNAME,SCM_TYPE,SCM_MENU,SCM_PRICE) values ('좋은떡볶이집','한식','떡볶이','8000');
Insert into ADMIN.KYJ_MENU (SCM_SHOPNAME,SCM_TYPE,SCM_MENU,SCM_PRICE) values ('좋은떡볶이집','한식','튀김','7000');
Insert into ADMIN.KYJ_MENU (SCM_SHOPNAME,SCM_TYPE,SCM_MENU,SCM_PRICE) values ('좋은떡볶이집','한식','오뎅','5000');
Insert into ADMIN.KYJ_MENU (SCM_SHOPNAME,SCM_TYPE,SCM_MENU,SCM_PRICE) values ('행복한피자','양식','마르게리타피자','12000');
Insert into ADMIN.KYJ_MENU (SCM_SHOPNAME,SCM_TYPE,SCM_MENU,SCM_PRICE) values ('행복한피자','양식','페퍼로니피자','15000');
Insert into ADMIN.KYJ_MENU (SCM_SHOPNAME,SCM_TYPE,SCM_MENU,SCM_PRICE) values ('행복한피자','양식','치즈크러스트피자','18000');
Insert into ADMIN.KYJ_MENU (SCM_SHOPNAME,SCM_TYPE,SCM_MENU,SCM_PRICE) values ('차분한차집','일식','차분한세트','20000');
Insert into ADMIN.KYJ_MENU (SCM_SHOPNAME,SCM_TYPE,SCM_MENU,SCM_PRICE) values ('차분한차집','일식','초밥종류','15000');
Insert into ADMIN.KYJ_MENU (SCM_SHOPNAME,SCM_TYPE,SCM_MENU,SCM_PRICE) values ('차분한차집','일식','돈까스세트','18000');
Insert into ADMIN.KYJ_MENU (SCM_SHOPNAME,SCM_TYPE,SCM_MENU,SCM_PRICE) values ('행복한햄버거','양식','햄버거세트','12000');
Insert into ADMIN.KYJ_MENU (SCM_SHOPNAME,SCM_TYPE,SCM_MENU,SCM_PRICE) values ('행복한햄버거','양식','치즈버거','10000');
Insert into ADMIN.KYJ_MENU (SCM_SHOPNAME,SCM_TYPE,SCM_MENU,SCM_PRICE) values ('행복한햄버거','양식','스테이크버거','15000');
Insert into ADMIN.KYJ_MENU (SCM_SHOPNAME,SCM_TYPE,SCM_MENU,SCM_PRICE) values ('소박한떡볶이','한식','떡볶이세트','8000');
Insert into ADMIN.KYJ_MENU (SCM_SHOPNAME,SCM_TYPE,SCM_MENU,SCM_PRICE) values ('소박한떡볶이','한식','순대튀김','6000');
Insert into ADMIN.KYJ_MENU (SCM_SHOPNAME,SCM_TYPE,SCM_MENU,SCM_PRICE) values ('소박한떡볶이','한식','어묵우동','7000');
Insert into ADMIN.KYJ_MENU (SCM_SHOPNAME,SCM_TYPE,SCM_MENU,SCM_PRICE) values ('도시락의맛','한식','도시락세트A','10000');
Insert into ADMIN.KYJ_MENU (SCM_SHOPNAME,SCM_TYPE,SCM_MENU,SCM_PRICE) values ('도시락의맛','한식','도시락세트B','12000');
Insert into ADMIN.KYJ_MENU (SCM_SHOPNAME,SCM_TYPE,SCM_MENU,SCM_PRICE) values ('도시락의맛','한식','김밥세트','8000');
Insert into ADMIN.KYJ_MENU (SCM_SHOPNAME,SCM_TYPE,SCM_MENU,SCM_PRICE) values ('까페레인보우','카페','아메리카노','3500');
Insert into ADMIN.KYJ_MENU (SCM_SHOPNAME,SCM_TYPE,SCM_MENU,SCM_PRICE) values ('까페레인보우','카페','카페라떼','4500');
Insert into ADMIN.KYJ_MENU (SCM_SHOPNAME,SCM_TYPE,SCM_MENU,SCM_PRICE) values ('까페레인보우','카페','과일스무디','6000');
Insert into ADMIN.KYJ_MENU (SCM_SHOPNAME,SCM_TYPE,SCM_MENU,SCM_PRICE) values ('향기로운정식당','한식','전골세트','18000');
Insert into ADMIN.KYJ_MENU (SCM_SHOPNAME,SCM_TYPE,SCM_MENU,SCM_PRICE) values ('향기로운정식당','한식','육회비빔밥','15000');
Insert into ADMIN.KYJ_MENU (SCM_SHOPNAME,SCM_TYPE,SCM_MENU,SCM_PRICE) values ('향기로운정식당','한식','돼지갈비찜','20000');
Insert into ADMIN.KYJ_MENU (SCM_SHOPNAME,SCM_TYPE,SCM_MENU,SCM_PRICE) values ('밝은햇살카페','카페','아이스초콜릿','4000');
Insert into ADMIN.KYJ_MENU (SCM_SHOPNAME,SCM_TYPE,SCM_MENU,SCM_PRICE) values ('밝은햇살카페','카페','치즈케이크','7000');
Insert into ADMIN.KYJ_MENU (SCM_SHOPNAME,SCM_TYPE,SCM_MENU,SCM_PRICE) values ('밝은햇살카페','카페','프라푸치노','5500');
Insert into ADMIN.KYJ_MENU (SCM_SHOPNAME,SCM_TYPE,SCM_MENU,SCM_PRICE) values ('사랑받는돈까스','양식','돈까스정식','15000');
Insert into ADMIN.KYJ_MENU (SCM_SHOPNAME,SCM_TYPE,SCM_MENU,SCM_PRICE) values ('사랑받는돈까스','양식','치즈돈까스','18000');
Insert into ADMIN.KYJ_MENU (SCM_SHOPNAME,SCM_TYPE,SCM_MENU,SCM_PRICE) values ('사랑받는돈까스','양식','돈까스샐러드','12000');
Insert into ADMIN.KYJ_MENU (SCM_SHOPNAME,SCM_TYPE,SCM_MENU,SCM_PRICE) values ('별이빛나는파스타','일식','소고기파스타','12000');
Insert into ADMIN.KYJ_MENU (SCM_SHOPNAME,SCM_TYPE,SCM_MENU,SCM_PRICE) values ('착한초밥','일식','스시세트','25000');
Insert into ADMIN.KYJ_MENU (SCM_SHOPNAME,SCM_TYPE,SCM_MENU,SCM_PRICE) values ('착한초밥','일식','참치덮밥','15000');
Insert into ADMIN.KYJ_MENU (SCM_SHOPNAME,SCM_TYPE,SCM_MENU,SCM_PRICE) values ('착한초밥','일식','연어롤','18000');
Insert into ADMIN.KYJ_MENU (SCM_SHOPNAME,SCM_TYPE,SCM_MENU,SCM_PRICE) values ('봄날카페','카페','아메리카노','3500');
Insert into ADMIN.KYJ_MENU (SCM_SHOPNAME,SCM_TYPE,SCM_MENU,SCM_PRICE) values ('봄날카페','카페','카페라떼','4500');
Insert into ADMIN.KYJ_MENU (SCM_SHOPNAME,SCM_TYPE,SCM_MENU,SCM_PRICE) values ('봄날카페','카페','크로와상','6000');
Insert into ADMIN.KYJ_MENU (SCM_SHOPNAME,SCM_TYPE,SCM_MENU,SCM_PRICE) values ('새벽의감자탕','한식','감자탕','12000');
Insert into ADMIN.KYJ_MENU (SCM_SHOPNAME,SCM_TYPE,SCM_MENU,SCM_PRICE) values ('새벽의감자탕','한식','순대국','10000');
Insert into ADMIN.KYJ_MENU (SCM_SHOPNAME,SCM_TYPE,SCM_MENU,SCM_PRICE) values ('새벽의감자탕','한식','뼈해장국','15000');
REM INSERTING into ADMIN.KYJ_ORDER
SET DEFINE OFF;
Insert into ADMIN.KYJ_ORDER (USER_ID,SCM_TYPE,CODE,SCM_SHOPNAME,ORDER_DATE,TOTAL_PRICE,ORDER_DELIVERY,SCM_MENU) values ('moonl','일식',2,'착한초밥','2024-02-03','18000',null,'연어초밥');
Insert into ADMIN.KYJ_ORDER (USER_ID,SCM_TYPE,CODE,SCM_SHOPNAME,ORDER_DATE,TOTAL_PRICE,ORDER_DELIVERY,SCM_MENU) values ('blues','양식',2,'사랑받는돈까스','2024-02-04','15000',null,'돈까스세트');
Insert into ADMIN.KYJ_ORDER (USER_ID,SCM_TYPE,CODE,SCM_SHOPNAME,ORDER_DATE,TOTAL_PRICE,ORDER_DELIVERY,SCM_MENU) values ('rosec','카페',2,'모닝커피','2024-02-05','5000',null,'아메리카노');
Insert into ADMIN.KYJ_ORDER (USER_ID,SCM_TYPE,CODE,SCM_SHOPNAME,ORDER_DATE,TOTAL_PRICE,ORDER_DELIVERY,SCM_MENU) values ('sunfl','한식',2,'차분한차집','2024-02-01','10000',null,'비빔밥');
Insert into ADMIN.KYJ_ORDER (USER_ID,SCM_TYPE,CODE,SCM_SHOPNAME,ORDER_DATE,TOTAL_PRICE,ORDER_DELIVERY,SCM_MENU) values ('sunfl','한식',2,'차분한차집','2024-02-01','12000',null,'떡볶이');
Insert into ADMIN.KYJ_ORDER (USER_ID,SCM_TYPE,CODE,SCM_SHOPNAME,ORDER_DATE,TOTAL_PRICE,ORDER_DELIVERY,SCM_MENU) values ('sunfl','한식',2,'차분한차집','2024-02-01','8000',null,'김밥');
Insert into ADMIN.KYJ_ORDER (USER_ID,SCM_TYPE,CODE,SCM_SHOPNAME,ORDER_DATE,TOTAL_PRICE,ORDER_DELIVERY,SCM_MENU) values ('breez','양식',2,'행복한피자','2024-02-02','25000',null,'페퍼로니피자');
Insert into ADMIN.KYJ_ORDER (USER_ID,SCM_TYPE,CODE,SCM_SHOPNAME,ORDER_DATE,TOTAL_PRICE,ORDER_DELIVERY,SCM_MENU) values ('moonl','일식',2,'착한초밥','2024-02-03','18000',null,'연어초밥');
Insert into ADMIN.KYJ_ORDER (USER_ID,SCM_TYPE,CODE,SCM_SHOPNAME,ORDER_DATE,TOTAL_PRICE,ORDER_DELIVERY,SCM_MENU) values ('blues','양식',2,'사랑받는돈까스','2024-02-04','15000',null,'돈까스세트');
Insert into ADMIN.KYJ_ORDER (USER_ID,SCM_TYPE,CODE,SCM_SHOPNAME,ORDER_DATE,TOTAL_PRICE,ORDER_DELIVERY,SCM_MENU) values ('rosec','카페',2,'모닝커피','2024-02-05','5000',null,'아메리카노');
Insert into ADMIN.KYJ_ORDER (USER_ID,SCM_TYPE,CODE,SCM_SHOPNAME,ORDER_DATE,TOTAL_PRICE,ORDER_DELIVERY,SCM_MENU) values ('starl','일식',2,'좋은맛집','2024-02-06','22000',null,'라멘');
Insert into ADMIN.KYJ_ORDER (USER_ID,SCM_TYPE,CODE,SCM_SHOPNAME,ORDER_DATE,TOTAL_PRICE,ORDER_DELIVERY,SCM_MENU) values ('windy','카페',2,'밝은햇살카페','2024-02-07','12000',null,'카페라떼');
Insert into ADMIN.KYJ_ORDER (USER_ID,SCM_TYPE,CODE,SCM_SHOPNAME,ORDER_DATE,TOTAL_PRICE,ORDER_DELIVERY,SCM_MENU) values ('bright','양식',2,'별이빛나는파스타','2024-02-08','18000',null,'크림파스타');
Insert into ADMIN.KYJ_ORDER (USER_ID,SCM_TYPE,CODE,SCM_SHOPNAME,ORDER_DATE,TOTAL_PRICE,ORDER_DELIVERY,SCM_MENU) values ('clear','일식',2,'향기로운정식당','2024-02-09','30000',null,'일식정식');
Insert into ADMIN.KYJ_ORDER (USER_ID,SCM_TYPE,CODE,SCM_SHOPNAME,ORDER_DATE,TOTAL_PRICE,ORDER_DELIVERY,SCM_MENU) values ('cosmic','카페',2,'마음이따뜻한카페','2024-02-10','8000',null,'카라멜마끼아또');
Insert into ADMIN.KYJ_ORDER (USER_ID,SCM_TYPE,CODE,SCM_SHOPNAME,ORDER_DATE,TOTAL_PRICE,ORDER_DELIVERY,SCM_MENU) values ('sunfl','한식',2,'도시락의맛','2024-02-11','10000',null,'떡갈비말이김밥');
Insert into ADMIN.KYJ_ORDER (USER_ID,SCM_TYPE,CODE,SCM_SHOPNAME,ORDER_DATE,TOTAL_PRICE,ORDER_DELIVERY,SCM_MENU) values ('breez','양식',2,'행복한피자','2024-02-12','27000',null,'치즈크러스트피자');
Insert into ADMIN.KYJ_ORDER (USER_ID,SCM_TYPE,CODE,SCM_SHOPNAME,ORDER_DATE,TOTAL_PRICE,ORDER_DELIVERY,SCM_MENU) values ('moonl','일식',2,'착한초밥','2024-02-13','20000',null,'새우튀김롤');
Insert into ADMIN.KYJ_ORDER (USER_ID,SCM_TYPE,CODE,SCM_SHOPNAME,ORDER_DATE,TOTAL_PRICE,ORDER_DELIVERY,SCM_MENU) values ('blues','양식',2,'사랑받는돈까스','2024-02-14','17000',null,'치즈돈까스');
Insert into ADMIN.KYJ_ORDER (USER_ID,SCM_TYPE,CODE,SCM_SHOPNAME,ORDER_DATE,TOTAL_PRICE,ORDER_DELIVERY,SCM_MENU) values ('rosec','카페',2,'모닝커피','2024-02-15','5500',null,'카푸치노');
Insert into ADMIN.KYJ_ORDER (USER_ID,SCM_TYPE,CODE,SCM_SHOPNAME,ORDER_DATE,TOTAL_PRICE,ORDER_DELIVERY,SCM_MENU) values ('starl','일식',2,'좋은맛집','2024-02-16','24000',null,'우동');
Insert into ADMIN.KYJ_ORDER (USER_ID,SCM_TYPE,CODE,SCM_SHOPNAME,ORDER_DATE,TOTAL_PRICE,ORDER_DELIVERY,SCM_MENU) values ('windy','카페',2,'밝은햇살카페','2024-02-17','13000',null,'아인슈페너');
Insert into ADMIN.KYJ_ORDER (USER_ID,SCM_TYPE,CODE,SCM_SHOPNAME,ORDER_DATE,TOTAL_PRICE,ORDER_DELIVERY,SCM_MENU) values ('bright','양식',2,'별이빛나는파스타','2024-02-18','19000',null,'새우크림파스타');
Insert into ADMIN.KYJ_ORDER (USER_ID,SCM_TYPE,CODE,SCM_SHOPNAME,ORDER_DATE,TOTAL_PRICE,ORDER_DELIVERY,SCM_MENU) values ('clear','일식',2,'향기로운정식당','2024-02-19','32000',null,'초밥정식');
Insert into ADMIN.KYJ_ORDER (USER_ID,SCM_TYPE,CODE,SCM_SHOPNAME,ORDER_DATE,TOTAL_PRICE,ORDER_DELIVERY,SCM_MENU) values ('cosmic','카페',2,'마음이따뜻한카페','2024-02-20','8500',null,'카페모카');
Insert into ADMIN.KYJ_ORDER (USER_ID,SCM_TYPE,CODE,SCM_SHOPNAME,ORDER_DATE,TOTAL_PRICE,ORDER_DELIVERY,SCM_MENU) values ('sunfl','한식',2,'도시락의맛','2024-02-21','12000',null,'치즈떡갈비도시락');
REM INSERTING into ADMIN.KYJ_SCM
SET DEFINE OFF;
Insert into ADMIN.KYJ_SCM (USER_ID,SCM_SHOPNAME,SCM_NUMBER,USER_NAME,USER_ADDRESS,SCM_TYPE,CODE) values ('sss789','상큼한탕수육과함께','7890123456','서상수','대전시 동구 동호로 23-23','중식','1');
Insert into ADMIN.KYJ_SCM (USER_ID,SCM_SHOPNAME,SCM_NUMBER,USER_NAME,USER_ADDRESS,SCM_TYPE,CODE) values ('emw789','차분한차집','6789012345','이소은','서울시 송파구 올림픽로 6-6','일식','1');
Insert into ADMIN.KYJ_SCM (USER_ID,SCM_SHOPNAME,SCM_NUMBER,USER_NAME,USER_ADDRESS,SCM_TYPE,CODE) values ('rwn123','행복한햄버거','7890123456','김채린','서울시 강동구 천호로 7-7','양식','1');
Insert into ADMIN.KYJ_SCM (USER_ID,SCM_SHOPNAME,SCM_NUMBER,USER_NAME,USER_ADDRESS,SCM_TYPE,CODE) values ('lly456','소박한떡볶이','8901234567','박유린','서울시 강서구 공항로 8-8','한식','1');
Insert into ADMIN.KYJ_SCM (USER_ID,SCM_SHOPNAME,SCM_NUMBER,USER_NAME,USER_ADDRESS,SCM_TYPE,CODE) values ('dvd789','도시락의맛','9012345678','최하린','서울시 중랑구 면목로 9-9','한식','1');
Insert into ADMIN.KYJ_SCM (USER_ID,SCM_SHOPNAME,SCM_NUMBER,USER_NAME,USER_ADDRESS,SCM_TYPE,CODE) values ('sm102','까페레인보우','0123456789','정민수','서울시 강서구 화곡로 10-10','카페','1');
Insert into ADMIN.KYJ_SCM (USER_ID,SCM_SHOPNAME,SCM_NUMBER,USER_NAME,USER_ADDRESS,SCM_TYPE,CODE) values ('joh123','향기로운정식당','1234567890','김철수','서울시 강남구 가로수길 1-1','한식','1');
Insert into ADMIN.KYJ_SCM (USER_ID,SCM_SHOPNAME,SCM_NUMBER,USER_NAME,USER_ADDRESS,SCM_TYPE,CODE) values ('jan456','밝은햇살카페','2345678901','이하린','서울시 강북구 북촌로 2-2','카페','1');
Insert into ADMIN.KYJ_SCM (USER_ID,SCM_SHOPNAME,SCM_NUMBER,USER_NAME,USER_ADDRESS,SCM_TYPE,CODE) values ('bob123','사랑받는돈까스','3456789012','김서연','서울시 종로구 도화동 3-3','양식','1');
Insert into ADMIN.KYJ_SCM (USER_ID,SCM_SHOPNAME,SCM_NUMBER,USER_NAME,USER_ADDRESS,SCM_TYPE,CODE) values ('sus789','별이빛나는파스타','4567890123','박하늘','서초구 파라다이스로 4-4','일식','1');
Insert into ADMIN.KYJ_SCM (USER_ID,SCM_SHOPNAME,SCM_NUMBER,USER_NAME,USER_ADDRESS,SCM_TYPE,CODE) values ('ale567','마음이따뜻한카페','5678901234','정수빈','서울시 마포구 합정동 5-5','카페','1');
Insert into ADMIN.KYJ_SCM (USER_ID,SCM_SHOPNAME,SCM_NUMBER,USER_NAME,USER_ADDRESS,SCM_TYPE,CODE) values ('srl234','좋은떡볶이집','5678901234','서라','부산시 동구 중앙대로 11-11','한식','1');
Insert into ADMIN.KYJ_SCM (USER_ID,SCM_SHOPNAME,SCM_NUMBER,USER_NAME,USER_ADDRESS,SCM_TYPE,CODE) values ('wkd789','행복한피자','6789012345','유원','대구시 중구 이화여대길 12-12','양식','1');
Insert into ADMIN.KYJ_SCM (USER_ID,SCM_SHOPNAME,SCM_NUMBER,USER_NAME,USER_ADDRESS,SCM_TYPE,CODE) values ('hts456','착한초밥','7890123456','한태식','인천시 남동구 솔샘로 13-13','일식','1');
Insert into ADMIN.KYJ_SCM (USER_ID,SCM_SHOPNAME,SCM_NUMBER,USER_NAME,USER_ADDRESS,SCM_TYPE,CODE) values ('pks789','봄날카페','8901234567','박경수','대전시 서구 뚝섬로 14-14','카페','1');
Insert into ADMIN.KYJ_SCM (USER_ID,SCM_SHOPNAME,SCM_NUMBER,USER_NAME,USER_ADDRESS,SCM_TYPE,CODE) values ('sbg123','새벽의감자탕','9012345678','서범규','광주시 중랑구 망우로 15-15','한식','1');
Insert into ADMIN.KYJ_SCM (USER_ID,SCM_SHOPNAME,SCM_NUMBER,USER_NAME,USER_ADDRESS,SCM_TYPE,CODE) values ('mrn102','모닝커피','0123456789','민라나','울산시 남구 올림픽로 16-16','카페','1');
Insert into ADMIN.KYJ_SCM (USER_ID,SCM_SHOPNAME,SCM_NUMBER,USER_NAME,USER_ADDRESS,SCM_TYPE,CODE) values ('skt456','행복한회집','1234567890','성기태','대구시 서구 방화대로 17-17','일식','1');
Insert into ADMIN.KYJ_SCM (USER_ID,SCM_SHOPNAME,SCM_NUMBER,USER_NAME,USER_ADDRESS,SCM_TYPE,CODE) values ('jsm789','좋은맛집','2345678901','정수민','청주시 남부순환로 18-18','양식','1');
Insert into ADMIN.KYJ_SCM (USER_ID,SCM_SHOPNAME,SCM_NUMBER,USER_NAME,USER_ADDRESS,SCM_TYPE,CODE) values ('mju123','맛있는순두부','3456789012','문주리','수원시 강남대로 19-19','한식','1');
Insert into ADMIN.KYJ_SCM (USER_ID,SCM_SHOPNAME,SCM_NUMBER,USER_NAME,USER_ADDRESS,SCM_TYPE,CODE) values ('jyp567','조용한카페','4567890123','전윤주','대전시 중구 월드컵로 20-20','카페','1');
Insert into ADMIN.KYJ_SCM (USER_ID,SCM_SHOPNAME,SCM_NUMBER,USER_NAME,USER_ADDRESS,SCM_TYPE,CODE) values ('hjw456','행복한중국집','6789012345','한재원','부산시 해운대구 해운대로 22-22','중식','1');
Insert into ADMIN.KYJ_SCM (USER_ID,SCM_SHOPNAME,SCM_NUMBER,USER_NAME,USER_ADDRESS,SCM_TYPE,CODE) values ('lsh123','맛있는라멘','8901234567','이서희','인천시 연수구 송도로 24-24','일식','1');
Insert into ADMIN.KYJ_SCM (USER_ID,SCM_SHOPNAME,SCM_NUMBER,USER_NAME,USER_ADDRESS,SCM_TYPE,CODE) values ('kdg102','깔끔한중국집','0123456789','김동건','울산시 동구 산호로 25-25','중식','1');
Insert into ADMIN.KYJ_SCM (USER_ID,SCM_SHOPNAME,SCM_NUMBER,USER_NAME,USER_ADDRESS,SCM_TYPE,CODE) values ('jsy890','즐거운짜장면','5678901234','장수연','광주시 서구 양림로 21-21','중식','1');
Insert into ADMIN.KYJ_SCM (USER_ID,SCM_SHOPNAME,SCM_NUMBER,USER_NAME,USER_ADDRESS,SCM_TYPE,CODE) values ('asdsa132','야옹이','9874563210','고양희','인천시 연수구','양식','1');
Insert into ADMIN.KYJ_SCM (USER_ID,SCM_SHOPNAME,SCM_NUMBER,USER_NAME,USER_ADDRESS,SCM_TYPE,CODE) values ('test123','멍멍아','6547891234','강아지','인천시 남동구','카페','1');
REM INSERTING into ADMIN.KYJ_USER
SET DEFINE OFF;
Insert into ADMIN.KYJ_USER (USER_ID,USER_PW,USER_NAME,USER_NIKNAME,USER_PHONE,USER_EMAIL,USER_GENDER,USER_ADDRESS,CODE,CSM_TYPE,SCM_TYPE,CNT,USER_DATE) values ('doyeon3','pqr123','김도연','도연이','010-3456-7890','kim@example.com','여성','서울시 강서구 방화동 4-4','2','일식',null,0,'19901020');
Insert into ADMIN.KYJ_USER (USER_ID,USER_PW,USER_NAME,USER_NIKNAME,USER_PHONE,USER_EMAIL,USER_GENDER,USER_ADDRESS,CODE,CSM_TYPE,SCM_TYPE,CNT,USER_DATE) values ('admin','1234','관리자','관리자','010-1190-0112','kim_yeji97@naver.com','여자','인천시 연수구','0',null,null,0,null);
Insert into ADMIN.KYJ_USER (USER_ID,USER_PW,USER_NAME,USER_NIKNAME,USER_PHONE,USER_EMAIL,USER_GENDER,USER_ADDRESS,CODE,CSM_TYPE,SCM_TYPE,CNT,USER_DATE) values ('serene5','xyz789','박서연',null,'010-2345-6789','park@example.com','여성','서울시 종로구 도화동 3-3','1',null,'카페',0,'19871203');
Insert into ADMIN.KYJ_USER (USER_ID,USER_PW,USER_NAME,USER_NIKNAME,USER_PHONE,USER_EMAIL,USER_GENDER,USER_ADDRESS,CODE,CSM_TYPE,SCM_TYPE,CNT,USER_DATE) values ('jihoon4','mno456','이지훈','지훈아','010-4567-8901','lee@example.com','남성','서울시 마포구 서교동 5-5','2','한식',null,0,'19880508');
Insert into ADMIN.KYJ_USER (USER_ID,USER_PW,USER_NAME,USER_NIKNAME,USER_PHONE,USER_EMAIL,USER_GENDER,USER_ADDRESS,CODE,CSM_TYPE,SCM_TYPE,CNT,USER_DATE) values ('eunseo5','uvw789','조은서',null,'010-5678-9012','cho@example.com','여성','서울시 송파구 거여동 6-6','1',null,'카페',0,null);
Insert into ADMIN.KYJ_USER (USER_ID,USER_PW,USER_NAME,USER_NIKNAME,USER_PHONE,USER_EMAIL,USER_GENDER,USER_ADDRESS,CODE,CSM_TYPE,SCM_TYPE,CNT,USER_DATE) values ('minjae6','xyz123','이민재',null,'010-6789-0123','lee@example.com','남성','서울시 강동구 천호동 7-7','1',null,'중식',0,null);
Insert into ADMIN.KYJ_USER (USER_ID,USER_PW,USER_NAME,USER_NIKNAME,USER_PHONE,USER_EMAIL,USER_GENDER,USER_ADDRESS,CODE,CSM_TYPE,SCM_TYPE,CNT,USER_DATE) values ('yunji7','abc789','서윤지','윤지아','010-7890-1234','seo@example.com','여성','서울시 강서구 화곡동 8-8','2','카페','0',null,'19970321');
Insert into ADMIN.KYJ_USER (USER_ID,USER_PW,USER_NAME,USER_NIKNAME,USER_PHONE,USER_EMAIL,USER_GENDER,USER_ADDRESS,CODE,CSM_TYPE,SCM_TYPE,CNT,USER_DATE) values ('jsy890','abc12','장수연',null,'010-1111-2222','jsy@example.com','여성','광주시 서구 양림로 21-21','1',null,'중식',0,'19900101');
Insert into ADMIN.KYJ_USER (USER_ID,USER_PW,USER_NAME,USER_NIKNAME,USER_PHONE,USER_EMAIL,USER_GENDER,USER_ADDRESS,CODE,CSM_TYPE,SCM_TYPE,CNT,USER_DATE) values ('hjw456','def34','한재원',null,'010-3333-4444','hjw@example.com','남성','부산시 해운대구 해운대로 22-22','1',null,'중식',0,'19900202');
Insert into ADMIN.KYJ_USER (USER_ID,USER_PW,USER_NAME,USER_NIKNAME,USER_PHONE,USER_EMAIL,USER_GENDER,USER_ADDRESS,CODE,CSM_TYPE,SCM_TYPE,CNT,USER_DATE) values ('sss789','ghi56','서상수',null,'010-5555-6666','sss@example.com','여성','대전시 동구 동호로 23-23','1',null,'중식',0,'19900303');
Insert into ADMIN.KYJ_USER (USER_ID,USER_PW,USER_NAME,USER_NIKNAME,USER_PHONE,USER_EMAIL,USER_GENDER,USER_ADDRESS,CODE,CSM_TYPE,SCM_TYPE,CNT,USER_DATE) values ('lsh123','jkl78','이서희',null,'010-7777-8888','lsh@example.com','여성','인천시 연수구 송도로 24-24','1',null,'일식',0,'19900404');
Insert into ADMIN.KYJ_USER (USER_ID,USER_PW,USER_NAME,USER_NIKNAME,USER_PHONE,USER_EMAIL,USER_GENDER,USER_ADDRESS,CODE,CSM_TYPE,SCM_TYPE,CNT,USER_DATE) values ('kdg102','mno90','김동건',null,'010-9999-0000','kdg@example.com','남성','울산시 동구 산호로 25-25','1',null,'중식',0,'19900505');
Insert into ADMIN.KYJ_USER (USER_ID,USER_PW,USER_NAME,USER_NIKNAME,USER_PHONE,USER_EMAIL,USER_GENDER,USER_ADDRESS,CODE,CSM_TYPE,SCM_TYPE,CNT,USER_DATE) values ('emw789','abc12','이소은',null,'010-9876-5432','emw789@example.com','여성','서울시 송파구 올림픽로 6-6','1',null,'일식',0,'19851203');
Insert into ADMIN.KYJ_USER (USER_ID,USER_PW,USER_NAME,USER_NIKNAME,USER_PHONE,USER_EMAIL,USER_GENDER,USER_ADDRESS,CODE,CSM_TYPE,SCM_TYPE,CNT,USER_DATE) values ('rwn123','def34','김채린',null,'010-8765-4321','rwn123@example.com','여성','서울시 강동구 천호로 7-7','1',null,'양식',0,'19900415');
Insert into ADMIN.KYJ_USER (USER_ID,USER_PW,USER_NAME,USER_NIKNAME,USER_PHONE,USER_EMAIL,USER_GENDER,USER_ADDRESS,CODE,CSM_TYPE,SCM_TYPE,CNT,USER_DATE) values ('lly456','ghi56','박유린',null,'010-7654-3210','lly456@example.com','여성','서울시 강서구 공항로 8-8','1',null,'한식',0,'19871230');
Insert into ADMIN.KYJ_USER (USER_ID,USER_PW,USER_NAME,USER_NIKNAME,USER_PHONE,USER_EMAIL,USER_GENDER,USER_ADDRESS,CODE,CSM_TYPE,SCM_TYPE,CNT,USER_DATE) values ('dvd789','jkl78','최하린',null,'010-6543-2109','dvd789@example.com','여성','서울시 중랑구 면목로 9-9','1',null,'한식',0,'19920118');
Insert into ADMIN.KYJ_USER (USER_ID,USER_PW,USER_NAME,USER_NIKNAME,USER_PHONE,USER_EMAIL,USER_GENDER,USER_ADDRESS,CODE,CSM_TYPE,SCM_TYPE,CNT,USER_DATE) values ('sm102','mno90','정민수',null,'010-5432-1098','sm102@example.com','남성','서울시 강서구 화곡로 10-10','1',null,'카페',0,'19891225');
Insert into ADMIN.KYJ_USER (USER_ID,USER_PW,USER_NAME,USER_NIKNAME,USER_PHONE,USER_EMAIL,USER_GENDER,USER_ADDRESS,CODE,CSM_TYPE,SCM_TYPE,CNT,USER_DATE) values ('joh123','pqr12','김철수',null,'010-4321-0987','joh123@example.com','남성','서울시 강남구 가로수길 1-1','1',null,'한식',0,'19930520');
Insert into ADMIN.KYJ_USER (USER_ID,USER_PW,USER_NAME,USER_NIKNAME,USER_PHONE,USER_EMAIL,USER_GENDER,USER_ADDRESS,CODE,CSM_TYPE,SCM_TYPE,CNT,USER_DATE) values ('jan456','stu34','이하린',null,'010-3210-9876','jan456@example.com','여성','서울시 강북구 북촌로 2-2','1',null,'카페',0,'19980214');
Insert into ADMIN.KYJ_USER (USER_ID,USER_PW,USER_NAME,USER_NIKNAME,USER_PHONE,USER_EMAIL,USER_GENDER,USER_ADDRESS,CODE,CSM_TYPE,SCM_TYPE,CNT,USER_DATE) values ('bob123','vwx56','김서연',null,'010-2109-8765','bob123@example.com','여성','서울시 종로구 도화동 3-3','1',null,'양식',0,'19911101');
Insert into ADMIN.KYJ_USER (USER_ID,USER_PW,USER_NAME,USER_NIKNAME,USER_PHONE,USER_EMAIL,USER_GENDER,USER_ADDRESS,CODE,CSM_TYPE,SCM_TYPE,CNT,USER_DATE) values ('sus789','yz01','박하늘',null,'010-1098-7654','sus789@example.com','여성','서초구 파라다이스로 4-4','1',null,'일식',0,'19940807');
Insert into ADMIN.KYJ_USER (USER_ID,USER_PW,USER_NAME,USER_NIKNAME,USER_PHONE,USER_EMAIL,USER_GENDER,USER_ADDRESS,CODE,CSM_TYPE,SCM_TYPE,CNT,USER_DATE) values ('ale567','abc23','정수빈',null,'010-8765-4321','ale567@example.com','여성','서울시 마포구 합정동 5-5','1',null,'카페',0,'19971122');
Insert into ADMIN.KYJ_USER (USER_ID,USER_PW,USER_NAME,USER_NIKNAME,USER_PHONE,USER_EMAIL,USER_GENDER,USER_ADDRESS,CODE,CSM_TYPE,SCM_TYPE,CNT,USER_DATE) values ('srl234','bcd45','서라',null,'010-7654-3210','srl234@example.com','여성','부산시 동구 중앙대로 11-11','1',null,'한식',0,'19900615');
Insert into ADMIN.KYJ_USER (USER_ID,USER_PW,USER_NAME,USER_NIKNAME,USER_PHONE,USER_EMAIL,USER_GENDER,USER_ADDRESS,CODE,CSM_TYPE,SCM_TYPE,CNT,USER_DATE) values ('wkd789','efg67','유원',null,'010-6543-2109','wkd789@example.com','여성','대구시 중구 이화여대길 12-12','1',null,'양식',0,'19870228');
Insert into ADMIN.KYJ_USER (USER_ID,USER_PW,USER_NAME,USER_NIKNAME,USER_PHONE,USER_EMAIL,USER_GENDER,USER_ADDRESS,CODE,CSM_TYPE,SCM_TYPE,CNT,USER_DATE) values ('hts456','hij89','한태식',null,'010-5432-1098','hts456@example.com','남성','인천시 남동구 솔샘로 13-13','1',null,'일식',0,'19851212');
Insert into ADMIN.KYJ_USER (USER_ID,USER_PW,USER_NAME,USER_NIKNAME,USER_PHONE,USER_EMAIL,USER_GENDER,USER_ADDRESS,CODE,CSM_TYPE,SCM_TYPE,CNT,USER_DATE) values ('pks789','klm01','박경수',null,'010-4321-0987','pks789@example.com','남성','대전시 서구 뚝섬로 14-14','1',null,'카페',0,'19900304');
Insert into ADMIN.KYJ_USER (USER_ID,USER_PW,USER_NAME,USER_NIKNAME,USER_PHONE,USER_EMAIL,USER_GENDER,USER_ADDRESS,CODE,CSM_TYPE,SCM_TYPE,CNT,USER_DATE) values ('sbg123','nop23','서범규',null,'010-3210-9876','sbg123@example.com','남성','광주시 중랑구 망우로 15-15','1',null,'한식',0,'19920917');
Insert into ADMIN.KYJ_USER (USER_ID,USER_PW,USER_NAME,USER_NIKNAME,USER_PHONE,USER_EMAIL,USER_GENDER,USER_ADDRESS,CODE,CSM_TYPE,SCM_TYPE,CNT,USER_DATE) values ('mrn102','qrs45','민라나',null,'010-2109-8765','mrn102@example.com','여성','울산시 남구 올림픽로 16-16','1',null,'카페',0,'19961208');
Insert into ADMIN.KYJ_USER (USER_ID,USER_PW,USER_NAME,USER_NIKNAME,USER_PHONE,USER_EMAIL,USER_GENDER,USER_ADDRESS,CODE,CSM_TYPE,SCM_TYPE,CNT,USER_DATE) values ('skt456','tuv67','성기태',null,'010-1098-7654','skt456@example.com','남성','대구시 서구 방화대로 17-17','1',null,'일식',0,'19950321');
Insert into ADMIN.KYJ_USER (USER_ID,USER_PW,USER_NAME,USER_NIKNAME,USER_PHONE,USER_EMAIL,USER_GENDER,USER_ADDRESS,CODE,CSM_TYPE,SCM_TYPE,CNT,USER_DATE) values ('jsm789','wxy89','정수민',null,'010-0987-6543','jsm789@example.com','여성','청주시 남부순환로 18-18','1',null,'양식',0,'19930405');
Insert into ADMIN.KYJ_USER (USER_ID,USER_PW,USER_NAME,USER_NIKNAME,USER_PHONE,USER_EMAIL,USER_GENDER,USER_ADDRESS,CODE,CSM_TYPE,SCM_TYPE,CNT,USER_DATE) values ('mju123','zab01','문주리',null,'010-9876-5432','mju123@example.com','여성','수원시 강남대로 19-19','1',null,'한식',0,'19901218');
Insert into ADMIN.KYJ_USER (USER_ID,USER_PW,USER_NAME,USER_NIKNAME,USER_PHONE,USER_EMAIL,USER_GENDER,USER_ADDRESS,CODE,CSM_TYPE,SCM_TYPE,CNT,USER_DATE) values ('jyp567','bcd12','전윤주',null,'010-8765-4321','jyp567@example.com','여성','대전시 중구 월드컵로 20-20','1',null,'카페',0,'19881002');
Insert into ADMIN.KYJ_USER (USER_ID,USER_PW,USER_NAME,USER_NIKNAME,USER_PHONE,USER_EMAIL,USER_GENDER,USER_ADDRESS,CODE,CSM_TYPE,SCM_TYPE,CNT,USER_DATE) values ('sunfl','abc01','김영희','별빛','010-1589-4723','sunflower@example.com','여성','서울 강남구 역삼동 123-45','2','한식',null,0,'19900101');
Insert into ADMIN.KYJ_USER (USER_ID,USER_PW,USER_NAME,USER_NIKNAME,USER_PHONE,USER_EMAIL,USER_GENDER,USER_ADDRESS,CODE,CSM_TYPE,SCM_TYPE,CNT,USER_DATE) values ('breez','def02','이철수','바람','010-2473-9851','breezechel@example.com','남성','서울 강북구 미아동 678-90','2','중식',null,0,'19851215');
Insert into ADMIN.KYJ_USER (USER_ID,USER_PW,USER_NAME,USER_NIKNAME,USER_PHONE,USER_EMAIL,USER_GENDER,USER_ADDRESS,CODE,CSM_TYPE,SCM_TYPE,CNT,USER_DATE) values ('moonl','ghi03','박미영','달빛','010-3698-5142','moonlightpark@example.com','여성','부산 금정구 부산대학로 1-1','2','일식',null,0,'19901010');
Insert into ADMIN.KYJ_USER (USER_ID,USER_PW,USER_NAME,USER_NIKNAME,USER_PHONE,USER_EMAIL,USER_GENDER,USER_ADDRESS,CODE,CSM_TYPE,SCM_TYPE,CNT,USER_DATE) values ('blues','jkl04','정대현','청각','010-4815-9263','bluesky@example.com','남성','대구 수성구 고산동 987-65','2','양식',null,0,'19891230');
Insert into ADMIN.KYJ_USER (USER_ID,USER_PW,USER_NAME,USER_NIKNAME,USER_PHONE,USER_EMAIL,USER_GENDER,USER_ADDRESS,CODE,CSM_TYPE,SCM_TYPE,CNT,USER_DATE) values ('rosec','mno05','최진서','장미','010-5937-2485','rosecharm@example.com','여성','인천 남동구 만수로 2-2','2','카페',null,0,'19930322');
Insert into ADMIN.KYJ_USER (USER_ID,USER_PW,USER_NAME,USER_NIKNAME,USER_PHONE,USER_EMAIL,USER_GENDER,USER_ADDRESS,CODE,CSM_TYPE,SCM_TYPE,CNT,USER_DATE) values ('starl','pqr06','이재원','별이','010-6058-3624','starlight@example.com','남성','광주 서구 양동로 3-3','2','일식',null,0,'19901111');
Insert into ADMIN.KYJ_USER (USER_ID,USER_PW,USER_NAME,USER_NIKNAME,USER_PHONE,USER_EMAIL,USER_GENDER,USER_ADDRESS,CODE,CSM_TYPE,SCM_TYPE,CNT,USER_DATE) values ('windy','stu07','김향기','바람','010-7169-4735','windykim@example.com','여성','대전 중구 선화로 4-4','2','카페',null,0,'19950405');
Insert into ADMIN.KYJ_USER (USER_ID,USER_PW,USER_NAME,USER_NIKNAME,USER_PHONE,USER_EMAIL,USER_GENDER,USER_ADDRESS,CODE,CSM_TYPE,SCM_TYPE,CNT,USER_DATE) values ('bright','vwx08','박찬혁','빛','010-8270-5846','brightpark@example.com','남성','울산 남구 염포로 5-5','2','양식',null,0,'19920918');
Insert into ADMIN.KYJ_USER (USER_ID,USER_PW,USER_NAME,USER_NIKNAME,USER_PHONE,USER_EMAIL,USER_GENDER,USER_ADDRESS,CODE,CSM_TYPE,SCM_TYPE,CNT,USER_DATE) values ('clear','yz09','김수진','맑음','010-9381-6957','clearkim@example.com','여성','수원 팔달구 권광로 6-6','2','일식',null,0,'19971027');
Insert into ADMIN.KYJ_USER (USER_ID,USER_PW,USER_NAME,USER_NIKNAME,USER_PHONE,USER_EMAIL,USER_GENDER,USER_ADDRESS,CODE,CSM_TYPE,SCM_TYPE,CNT,USER_DATE) values ('cosmic','abc10','이준영','우주','010-0492-8063','cosmiclee@example.com','남성','청주 상당구 남이길 7-7','2','카페',null,0,'19920809');
Insert into ADMIN.KYJ_USER (USER_ID,USER_PW,USER_NAME,USER_NIKNAME,USER_PHONE,USER_EMAIL,USER_GENDER,USER_ADDRESS,CODE,CSM_TYPE,SCM_TYPE,CNT,USER_DATE) values ('mellow','def11','장미영','멜로우','010-1122-3344','mellowrose@example.com','여성','창원 의창구 중앙대로 8-8','2','양식',null,0,'19940404');
Insert into ADMIN.KYJ_USER (USER_ID,USER_PW,USER_NAME,USER_NIKNAME,USER_PHONE,USER_EMAIL,USER_GENDER,USER_ADDRESS,CODE,CSM_TYPE,SCM_TYPE,CNT,USER_DATE) values ('ocean','ghi12','김바다','오션','010-2233-4455','oceanwave@example.com','남성','전주 완산구 전주로 9-9','2','일식',null,0,'19910915');
Insert into ADMIN.KYJ_USER (USER_ID,USER_PW,USER_NAME,USER_NIKNAME,USER_PHONE,USER_EMAIL,USER_GENDER,USER_ADDRESS,CODE,CSM_TYPE,SCM_TYPE,CNT,USER_DATE) values ('sunset','jkl13','이해오','선셋','010-3344-5566','sunsetlee@example.com','여성','강릉 중앙로 10-10','2','한식',null,0,'19941226');
Insert into ADMIN.KYJ_USER (USER_ID,USER_PW,USER_NAME,USER_NIKNAME,USER_PHONE,USER_EMAIL,USER_GENDER,USER_ADDRESS,CODE,CSM_TYPE,SCM_TYPE,CNT,USER_DATE) values ('velvet','mno14','박시강','벨벳','010-4455-6677','velvetpark@example.com','남성','진주 고려대로 11-11','2','카페',null,0,'19900208');
Insert into ADMIN.KYJ_USER (USER_ID,USER_PW,USER_NAME,USER_NIKNAME,USER_PHONE,USER_EMAIL,USER_GENDER,USER_ADDRESS,CODE,CSM_TYPE,SCM_TYPE,CNT,USER_DATE) values ('serene','pqr15','신예은','세렌','010-5566-7788','sereneshin@example.com','여성','제주 서귀포시 중앙로 12-12','2','카페',null,0,'19931119');
Insert into ADMIN.KYJ_USER (USER_ID,USER_PW,USER_NAME,USER_NIKNAME,USER_PHONE,USER_EMAIL,USER_GENDER,USER_ADDRESS,CODE,CSM_TYPE,SCM_TYPE,CNT,USER_DATE) values ('twilight','stu16','이태양','트와일라잇','010-6677-8899','twilightlee@example.com','남성','수원 장안구 수성로 13-13','2','일식',null,0,'19920730');
Insert into ADMIN.KYJ_USER (USER_ID,USER_PW,USER_NAME,USER_NIKNAME,USER_PHONE,USER_EMAIL,USER_GENDER,USER_ADDRESS,CODE,CSM_TYPE,SCM_TYPE,CNT,USER_DATE) values ('whisper','vwx17','김송이','위스퍼','010-7788-9900','whisperkim@example.com','여성','여수 흥국로 14-14','2','한식',null,0,'19950910');
Insert into ADMIN.KYJ_USER (USER_ID,USER_PW,USER_NAME,USER_NIKNAME,USER_PHONE,USER_EMAIL,USER_GENDER,USER_ADDRESS,CODE,CSM_TYPE,SCM_TYPE,CNT,USER_DATE) values ('lullaby','yz18','이태림','럴라바이','010-8899-0011','lullabylee@example.com','남성','평택 서북구 통일로 15-15','2','일식',null,0,'19920321');
Insert into ADMIN.KYJ_USER (USER_ID,USER_PW,USER_NAME,USER_NIKNAME,USER_PHONE,USER_EMAIL,USER_GENDER,USER_ADDRESS,CODE,CSM_TYPE,SCM_TYPE,CNT,USER_DATE) values ('azure','abc19','정하나','아즈레','010-9900-1122','azurecho@example.com','여성','속초 중앙시장길 16-16','2','카페',null,0,'19900702');
Insert into ADMIN.KYJ_USER (USER_ID,USER_PW,USER_NAME,USER_NIKNAME,USER_PHONE,USER_EMAIL,USER_GENDER,USER_ADDRESS,CODE,CSM_TYPE,SCM_TYPE,CNT,USER_DATE) values ('crystal','def20','김수정','크리스탈','010-0011-2233','crystal@example.com','남성','강화군 강화읍 강화로 17-17','2','양식',null,0,'19930713');
Insert into ADMIN.KYJ_USER (USER_ID,USER_PW,USER_NAME,USER_NIKNAME,USER_PHONE,USER_EMAIL,USER_GENDER,USER_ADDRESS,CODE,CSM_TYPE,SCM_TYPE,CNT,USER_DATE) values ('zxc1234','1234','김테스트','테스트','010-5789-9542','test@test.com','여자','테스트주소','2','일식','null',0,null);
Insert into ADMIN.KYJ_USER (USER_ID,USER_PW,USER_NAME,USER_NIKNAME,USER_PHONE,USER_EMAIL,USER_GENDER,USER_ADDRESS,CODE,CSM_TYPE,SCM_TYPE,CNT,USER_DATE) values ('asdsa132','1234','고양희','null','010-5959-9595','didhddl@didhd.com','여자','인천시 연수구','1','null','양식',0,null);
Insert into ADMIN.KYJ_USER (USER_ID,USER_PW,USER_NAME,USER_NIKNAME,USER_PHONE,USER_EMAIL,USER_GENDER,USER_ADDRESS,CODE,CSM_TYPE,SCM_TYPE,CNT,USER_DATE) values ('test123','1234','강아지','null','010-8765-3348','ajdajddl@ajdajd.com','남자','인천시 남동구','1','null','카페',0,null);
Insert into ADMIN.KYJ_USER (USER_ID,USER_PW,USER_NAME,USER_NIKNAME,USER_PHONE,USER_EMAIL,USER_GENDER,USER_ADDRESS,CODE,CSM_TYPE,SCM_TYPE,CNT,USER_DATE) values ('test98787975','1234','이디비','디비','010-1267-9842','dlelql@elql.com','남자','인천광역시 계양구','2','중식','null',0,'20240202');
--------------------------------------------------------
--  DDL for Index KYJ_SCM_PK
--------------------------------------------------------

  CREATE UNIQUE INDEX "ADMIN"."KYJ_SCM_PK" ON "ADMIN"."KYJ_SCM" ("USER_ID") 
  PCTFREE 10 INITRANS 2 MAXTRANS 255 COMPUTE STATISTICS 
  STORAGE(INITIAL 65536 NEXT 1048576 MINEXTENTS 1 MAXEXTENTS 2147483645
  PCTINCREASE 0 FREELISTS 1 FREELIST GROUPS 1
  BUFFER_POOL DEFAULT FLASH_CACHE DEFAULT CELL_FLASH_CACHE DEFAULT)
  TABLESPACE "USERS" ;
--------------------------------------------------------
--  DDL for Index KYJ_USER_PK
--------------------------------------------------------

  CREATE UNIQUE INDEX "ADMIN"."KYJ_USER_PK" ON "ADMIN"."KYJ_USER" ("USER_ID") 
  PCTFREE 10 INITRANS 2 MAXTRANS 255 COMPUTE STATISTICS 
  STORAGE(INITIAL 65536 NEXT 1048576 MINEXTENTS 1 MAXEXTENTS 2147483645
  PCTINCREASE 0 FREELISTS 1 FREELIST GROUPS 1
  BUFFER_POOL DEFAULT FLASH_CACHE DEFAULT CELL_FLASH_CACHE DEFAULT)
  TABLESPACE "USERS" ;
--------------------------------------------------------
--  Constraints for Table KYJ_MENU
--------------------------------------------------------

  ALTER TABLE "ADMIN"."KYJ_MENU" MODIFY ("SCM_SHOPNAME" NOT NULL ENABLE);
--------------------------------------------------------
--  Constraints for Table KYJ_ORDER
--------------------------------------------------------

  ALTER TABLE "ADMIN"."KYJ_ORDER" MODIFY ("USER_ID" NOT NULL ENABLE);
--------------------------------------------------------
--  Constraints for Table KYJ_SCM
--------------------------------------------------------

  ALTER TABLE "ADMIN"."KYJ_SCM" MODIFY ("USER_ID" NOT NULL ENABLE);
  ALTER TABLE "ADMIN"."KYJ_SCM" ADD CONSTRAINT "KYJ_SCM_PK" PRIMARY KEY ("USER_ID")
  USING INDEX PCTFREE 10 INITRANS 2 MAXTRANS 255 COMPUTE STATISTICS 
  STORAGE(INITIAL 65536 NEXT 1048576 MINEXTENTS 1 MAXEXTENTS 2147483645
  PCTINCREASE 0 FREELISTS 1 FREELIST GROUPS 1
  BUFFER_POOL DEFAULT FLASH_CACHE DEFAULT CELL_FLASH_CACHE DEFAULT)
  TABLESPACE "USERS"  ENABLE;
--------------------------------------------------------
--  Constraints for Table KYJ_USER
--------------------------------------------------------

  ALTER TABLE "ADMIN"."KYJ_USER" MODIFY ("USER_ID" NOT NULL ENABLE);
  ALTER TABLE "ADMIN"."KYJ_USER" ADD CONSTRAINT "KYJ_USER_PK" PRIMARY KEY ("USER_ID")
  USING INDEX PCTFREE 10 INITRANS 2 MAXTRANS 255 COMPUTE STATISTICS 
  STORAGE(INITIAL 65536 NEXT 1048576 MINEXTENTS 1 MAXEXTENTS 2147483645
  PCTINCREASE 0 FREELISTS 1 FREELIST GROUPS 1
  BUFFER_POOL DEFAULT FLASH_CACHE DEFAULT CELL_FLASH_CACHE DEFAULT)
  TABLESPACE "USERS"  ENABLE;
  ALTER TABLE "ADMIN"."KYJ_USER" MODIFY ("USER_PW" NOT NULL ENABLE);
